short_name,categories,character,unicode
3d_rotation,action,,E84D
accessibility,action,,E84E
accessibility_new,action,,E92C
accessible,action,,E914
accessible_forward,action,,E934
account_balance,action,,E84F
account_balance_wallet,action,,E850
account_box,action,,E851
account_circle,action,,E853
account_tree,action,,E97A
add_shopping_cart,action,,E854
alarm,action,,E855
alarm_add,action,,E856
alarm_off,action,,E857
alarm_on,action,,E858
all_inbox,action,,E97F
all_out,action,,E90B
android,action,,E859
announcement,action,,E85A
approval,action,,E982
arrow_right_alt,action,,E941
aspect_ratio,action,,E85B
assessment,action,,E85C
assignment,action,,E85D
assignment_ind,action,,E85E
assignment_late,action,,E85F
assignment_return,action,,E860
assignment_returned,action,,E861
assignment_turned_in,action,,E862
autorenew,action,,E863
backup,action,,E864
badge,action,,EA67
bolt,action,,EA0B
book,action,,E865
bookmark,action,,E866
bookmark_border,action,,E867
bookmark_outline,action,,E867
bookmarks,action,,E98B
bug_report,action,,E868
build,action,,E869
business_center,action,,EB3F
calendar_today,action,,E935
calendar_view_day,action,,E936
camera_enhance,action,,E8FC
cancel_schedule_send,action,,EA39
card_giftcard,action,,E8F6
card_membership,action,,E8F7
card_travel,action,,E8F8
cases,action,,E992
change_history,action,,E86B
check_circle,action,,E86C
check_circle_outline,action,,E92D
chrome_reader_mode,action,,E86D
class,action,,E86E
code,action,,E86F
commute,action,,E940
compare_arrows,action,,E915
compress,action,,E94D
contact_support,action,,E94C
contactless,action,,EA71
copyright,action,,E90C
credit_card,action,,E870
dashboard,action,,E871
dashboard_customize,action,,E99B
date_range,action,,E916
delete,action,,E872
delete_forever,action,,E92B
delete_outline,action,,E92E
description,action,,E873
dnd_forwardslash,action,,E611
dns,action,,E875
do_not_disturb,action,,E612
do_not_disturb_alt,action,,E611
do_not_disturb_off,action,,E643
do_not_disturb_on,action,,E644
domain,action,,E7EE
done,action,,E876
done_all,action,,E877
done_outline,action,,E92F
donut_large,action,,E917
donut_small,action,,E918
drag_indicator,action,,E945
eco,action,,EA35
edit_location,action,,E568
eject,action,,E8FB
euro,action,,EA15
euro_symbol,action,,E926
event,action,,E878
event_seat,action,,E903
exit_to_app,action,,E879
explore,action,,E87A
explore_off,action,,E9A8
extension,action,,E87B
face,action,,E87C
favorite,action,,E87D
favorite_border,action,,E87E
favorite_outline,action,,E87E
feedback,action,,E87F
file_copy,action,,E173
file_download,action,,E2C4
file_download_done,action,,E9AA
file_present,action,,EA0E
file_upload,action,,E2C6
find_in_page,action,,E880
find_replace,action,,E881
fingerprint,action,,E90D
flight_land,action,,E904
flight_takeoff,action,,E905
flip_to_back,action,,E882
flip_to_front,action,,E883
g_translate,action,,E927
gavel,action,,E90E
get_app,action,,E884
gif,action,,E908
goat,action,􏿽,10FFFD
grade,action,,E885
grid_view,action,,E9B0
group_work,action,,E886
help,action,,E887
help_outline,action,,E8FD
highlight_off,action,,E888
highlight_remove,action,,E888
history,action,,E889
home,action,,E88A
home_filled,action,,E9B2
horizontal_split,action,,E947
hourglass_empty,action,,E88B
hourglass_full,action,,E88C
http,action,,E902
https,action,,E88D
important_devices,action,,E912
info,action,,E88E
info_outline,action,,E88F
input,action,,E890
inventory,action,,E179
invert_colors,action,,E891
label,action,,E892
label_important,action,,E937
label_important_outline,action,,E948
label_off,action,,E9B6
label_outline,action,,E893
language,action,,E894
launch,action,,E895
line_style,action,,E919
line_weight,action,,E91A
list,action,,E896
lock,action,,E897
lock_open,action,,E898
lock_outline,action,,E899
logout,action,,E9BA
loyalty,action,,E89A
markunread_mailbox,action,,E89B
maximize,action,,E930
minimize,action,,E931
motorcycle,action,,E91B
my_library_add,action,,E02E
my_library_books,action,,E02F
my_library_music,action,,E030
note_add,action,,E89C
offline_bolt,action,,E932
offline_pin,action,,E90A
offline_share,action,,E9C5
opacity,action,,E91C
open_in_browser,action,,E89D
open_in_new,action,,E89E
open_with,action,,E89F
pageview,action,,E8A0
pan_tool,action,,E925
payment,action,,E8A1
perm_camera_mic,action,,E8A2
perm_contact_cal,action,,E8A3
perm_contact_calendar,action,,E8A3
perm_data_setting,action,,E8A4
perm_device_info,action,,E8A5
perm_device_information,action,,E8A5
perm_identity,action,,E8A6
perm_media,action,,E8A7
perm_phone_msg,action,,E8A8
perm_scan_wifi,action,,E8A9
pets,action,,E91D
picture_in_picture,action,,E8AA
picture_in_picture_alt,action,,E911
play_for_work,action,,E906
polymer,action,,E8AB
power_settings_new,action,,E8AC
pregnant_woman,action,,E91E
print,action,,E8AD
query_builder,action,,E8AE
question_answer,action,,E8AF
receipt,action,,E8B0
recommend,action,,E9D2
record_voice_over,action,,E91F
redeem,action,,E8B1
remove_done,action,,E9D3
remove_shopping_cart,action,,E928
reorder,action,,E8FE
report_problem,action,,E8B2
restore,action,,E8B3
restore_from_trash,action,,E938
restore_page,action,,E929
room,action,,E8B4
rounded_corner,action,,E920
rowing,action,,E921
saved_search,action,,EA11
schedule,action,,E8B5
schedule_send,action,,EA0A
search,action,,E8B6
segment,action,,E94B
settings,action,,E8B8
settings_applications,action,,E8B9
settings_backup_restore,action,,E8BA
settings_bluetooth,action,,E8BB
settings_brightness,action,,E8BD
settings_cell,action,,E8BC
settings_display,action,,E8BD
settings_ethernet,action,,E8BE
settings_input_antenna,action,,E8BF
settings_input_component,action,,E8C0
settings_input_composite,action,,E8C1
settings_input_hdmi,action,,E8C2
settings_input_svideo,action,,E8C3
settings_overscan,action,,E8C4
settings_phone,action,,E8C5
settings_power,action,,E8C6
settings_remote,action,,E8C7
settings_voice,action,,E8C8
shield,action,,E9E0
shop,action,,E8C9
shop_two,action,,E8CA
shopping_basket,action,,E8CB
shopping_cart,action,,E8CC
speaker_notes,action,,E8CD
speaker_notes_off,action,,E92A
spellcheck,action,,E8CE
stars,action,,E8D0
store,action,,E8D1
stream,action,,E9E9
subject,action,,E8D2
supervisor_account,action,,E8D3
swap_horiz,action,,E8D4
swap_horizontal_circle,action,,E933
swap_vert,action,,E8D5
swap_vert_circle,action,,E8D6
swap_vertical_circle,action,,E8D6
switch_account,action,,E9ED
sync_alt,action,,EA18
system_update_tv,action,,E8D7
tab,action,,E8D8
tab_unselected,action,,E8D9
text_rotate_up,action,,E93A
text_rotate_vertical,action,,E93B
text_rotation_angledown,action,,E93C
text_rotation_angleup,action,,E93D
text_rotation_down,action,,E93E
text_rotation_none,action,,E93F
theaters,action,,E8DA
thumb_down,action,,E8DB
thumb_up,action,,E8DC
thumbs_up_down,action,,E8DD
timeline,action,,E922
toc,action,,E8DE
today,action,,E8DF
toll,action,,E8E0
touch_app,action,,E913
track_changes,action,,E8E1
translate,action,,E8E2
trending_down,action,,E8E3
trending_flat,action,,E8E4
trending_neutral,action,,E8E4
trending_up,action,,E8E5
turned_in,action,,E8E6
turned_in_not,action,,E8E7
update,action,,E923
verified_user,action,,E8E8
vertical_split,action,,E949
view_agenda,action,,E8E9
view_array,action,,E8EA
view_carousel,action,,E8EB
view_column,action,,E8EC
view_comfortable,action,,E42A
view_day,action,,E8ED
view_headline,action,,E8EE
view_in_ar,action,,E9FE
view_list,action,,E8EF
view_module,action,,E8F0
view_quilt,action,,E8F1
view_stream,action,,E8F2
view_week,action,,E8F3
visibility,action,,E8F4
visibility_off,action,,E8F5
voice_over_off,action,,E94A
watch_later,action,,E924
weekend,action,,E16B
work,action,,E8F9
work_off,action,,E942
work_outline,action,,E943
workspaces_filled,action,,EA0D
workspaces_outline,action,,EA0F
youtube_searched_for,action,,E8FA
zoom_in,action,,E8FF
zoom_out,action,,E900
add_alert,alert,,E003
error,alert,,E000
error_outline,alert,,E001
notification_important,alert,,E004
warning,alert,,E002
10k,av,,E951
10mp,av,,E952
11mp,av,,E953
12mp,av,,E954
13mp,av,,E955
14mp,av,,E956
15mp,av,,E957
16mp,av,,E958
17mp,av,,E959
18mp,av,,E95A
19mp,av,,E95B
1k,av,,E95C
1k_plus,av,,E95D
20mp,av,,E95E
21mp,av,,E95F
22mp,av,,E960
23mp,av,,E961
24mp,av,,E962
2k,av,,E963
2k_plus,av,,E964
2mp,av,,E965
3k,av,,E966
3k_plus,av,,E967
3mp,av,,E968
4k,av,,E072
4k_plus,av,,E969
4mp,av,,E96A
5k,av,,E96B
5k_plus,av,,E96C
5mp,av,,E96D
6k,av,,E96E
6k_plus,av,,E96F
6mp,av,,E970
7k,av,,E971
7k_plus,av,,E972
7mp,av,,E973
8k,av,,E974
8k_plus,av,,E975
8mp,av,,E976
9k,av,,E977
9k_plus,av,,E978
9mp,av,,E979
add_to_queue,av,,E05C
airplay,av,,E055
album,av,,E019
art_track,av,,E060
av_timer,av,,E01B
branding_watermark,av,,E06B
call_to_action,av,,E06C
closed_caption,av,,E01C
closed_caption_off,av,,E996
control_camera,av,,E074
equalizer,av,,E01D
explicit,av,,E01E
fast_forward,av,,E01F
fast_rewind,av,,E020
featured_play_list,av,,E06D
featured_video,av,,E06E
fiber_dvr,av,,E05D
fiber_manual_record,av,,E061
fiber_new,av,,E05E
fiber_pin,av,,E06A
fiber_smart_record,av,,E062
forward_10,av,,E056
forward_30,av,,E057
forward_5,av,,E058
games,av,,E021
hd,av,,E052
hearing,av,,E023
high_quality,av,,E024
library_add,av,,E02E
library_add_check,av,,E9B7
library_books,av,,E02F
library_music,av,,E030
loop,av,,E028
mic,av,,E029
mic_none,av,,E02A
mic_off,av,,E02B
missed_video_call,av,,E073
movie,av,,E02C
mp,av,,E9C3
multitrack_audio,av,,E1B8
music_video,av,,E063
new_releases,av,,E031
not_interested,av,,E033
note,av,,E06F
pause,av,,E034
pause_circle_filled,av,,E035
pause_circle_outline,av,,E036
play_arrow,av,,E037
play_circle_fill,av,,E038
play_circle_filled,av,,E038
play_circle_outline,av,,E039
playlist_add,av,,E03B
playlist_add_check,av,,E065
playlist_play,av,,E05F
queue,av,,E03C
queue_music,av,,E03D
queue_play_next,av,,E066
radio,av,,E03E
recent_actors,av,,E03F
remove_from_queue,av,,E067
repeat,av,,E040
repeat_on,av,,E9D6
repeat_one,av,,E041
repeat_one_on,av,,E9D7
replay,av,,E042
replay_10,av,,E059
replay_30,av,,E05A
replay_5,av,,E05B
replay_circle_filled,av,,E9D8
reset_tv,av,,E9D9
shuffle,av,,E043
shuffle_on,av,,E9E1
skip_next,av,,E044
skip_previous,av,,E045
slow_motion_video,av,,E068
snooze,av,,E046
sort_by_alpha,av,,E053
speed,av,,E9E4
stop,av,,E047
subscriptions,av,,E064
subtitles,av,,E048
surround_sound,av,,E049
video_call,av,,E070
video_collection,av,,E04A
video_label,av,,E071
video_library,av,,E04A
videocam,av,,E04B
videocam_off,av,,E04C
volume_down,av,,E04D
volume_mute,av,,E04E
volume_off,av,,E04F
volume_up,av,,E050
web,av,,E051
web_asset,av,,E069
add_call,communication,,E0E8
add_ic_call,communication,,E97C
alternate_email,communication,,E0E6
bus_alert,communication,,E98F
call,communication,,E0B0
call_end,communication,,E0B1
call_made,communication,,E0B2
call_merge,communication,,E0B3
call_missed,communication,,E0B4
call_missed_outgoing,communication,,E0E4
call_received,communication,,E0B5
call_split,communication,,E0B6
cancel_presentation,communication,,E0E9
chat,communication,,E0B7
chat_bubble,communication,,E0CA
chat_bubble_outline,communication,,E0CB
clear_all,communication,,E0B8
comment,communication,,E0B9
contact_mail,communication,,E0D0
contact_phone,communication,,E0CF
contacts,communication,,E0BA
desktop_access_disabled,communication,,E99D
dialer_sip,communication,,E0BB
dialpad,communication,,E0BC
domain_disabled,communication,,E0EF
duo,communication,,E9A5
email,communication,,E0BE
forum,communication,,E0BF
import_contacts,communication,,E0E0
import_export,communication,,E0C3
invert_colors_off,communication,,E0C4
invert_colors_on,communication,,E891
list_alt,communication,,E0EE
live_help,communication,,E0C6
mail_outline,communication,,E0E1
message,communication,,E0C9
mobile_screen_share,communication,,E0E7
no_sim,communication,,E0CC
pause_presentation,communication,,E0EA
phone,communication,,E0CD
phonelink_erase,communication,,E0DB
phonelink_lock,communication,,E0DC
phonelink_ring,communication,,E0DD
phonelink_setup,communication,,E0DE
portable_wifi_off,communication,,E0CE
present_to_all,communication,,E0DF
print_disabled,communication,,E9CF
quick_contacts_dialer,communication,,E0CF
quick_contacts_mail,communication,,E0D0
ring_volume,communication,,E0D1
rss_feed,communication,,E0E5
screen_share,communication,,E0E2
speaker_phone,communication,,E0D2
stay_current_landscape,communication,,E0D3
stay_current_portrait,communication,,E0D4
stay_primary_landscape,communication,,E0D5
stay_primary_portrait,communication,,E0D6
stop_screen_share,communication,,E0E3
swap_calls,communication,,E0D7
textsms,communication,,E0D8
unsubscribe,communication,,E0EB
voicemail,communication,,E0D9
vpn_key,communication,,E0DA
sentiment_satisfied,"communication, social",,E813
sentiment_satisfied_alt,"communication, social",,E0ED
add,content,,E145
add_box,content,,E146
add_circle,content,,E147
add_circle_outline,content,,E148
add_moderator,content,,E97D
amp_stories,content,,EA13
archive,content,,E149
backspace,content,,E14A
ballot,content,,E172
block,content,,E14B
clear,content,,E14C
content_copy,content,,E14D
content_cut,content,,E14E
content_paste,content,,E14F
create,content,,E150
dangerous,content,,E99A
delete_sweep,content,,E16C
drafts,content,,E151
dynamic_feed,content,,EA14
filter_list,content,,E152
filter_list_alt,content,,E94E
flag,content,,E153
font_download,content,,E167
forward,content,,E154
gesture,content,,E155
how_to_reg,content,,E174
how_to_vote,content,,E175
inbox,content,,E156
link,content,,E157
link_off,content,,E16F
low_priority,content,,E16D
mail,content,,E158
mark_as_unread,content,,E9BC
markunread,content,,E159
move_to_inbox,content,,E168
next_week,content,,E16A
outlined_flag,content,,E16E
policy,content,,EA17
redo,content,,E15A
remove,content,,E15B
remove_circle,content,,E15C
remove_circle_outline,content,,E15D
remove_moderator,content,,E9D4
reply,content,,E15E
reply_all,content,,E15F
report,content,,E160
report_off,content,,E170
save,content,,E161
save_alt,content,,E171
select_all,content,,E162
send,content,,E163
send_and_archive,content,,EA0C
sort,content,,E164
square_foot,content,,EA49
text_format,content,,E165
unarchive,content,,E169
undo,content,,E166
waves,content,,E176
where_to_vote,content,,E177
access_alarm,device,,E190
access_alarms,device,,E191
access_time,device,,E192
add_alarm,device,,E193
add_to_home_screen,device,,E1FE
airplanemode_active,device,,E195
airplanemode_inactive,device,,E194
airplanemode_off,device,,E194
airplanemode_on,device,,E195
battery_alert,device,,E19C
battery_charging_full,device,,E1A3
battery_full,device,,E1A4
battery_std,device,,E1A5
battery_unknown,device,,E1A6
bluetooth,device,,E1A7
bluetooth_connected,device,,E1A8
bluetooth_disabled,device,,E1A9
bluetooth_searching,device,,E1AA
brightness_auto,device,,E1AB
brightness_high,device,,E1AC
brightness_low,device,,E1AD
brightness_medium,device,,E1AE
cell_wifi,device,,E0EC
compass_calibration,device,,E57C
data_usage,device,,E1AF
developer_mode,device,,E1B0
devices,device,,E1B1
dvr,device,,E1B2
gps_fixed,device,,E1B3
gps_not_fixed,device,,E1B4
gps_off,device,,E1B5
graphic_eq,device,,E1B8
location_disabled,device,,E1B6
location_off,device,,E0C7
location_on,device,,E0C8
location_searching,device,,E1B7
mobile_friendly,device,,E200
mobile_off,device,,E201
nfc,device,,E1BB
now_wallpaper,device,,E1BC
now_widgets,device,,E1BD
screen_lock_landscape,device,,E1BE
screen_lock_portrait,device,,E1BF
screen_lock_rotation,device,,E1C0
screen_rotation,device,,E1C1
sd,device,,E9DD
sd_storage,device,,E1C2
settings_system_daydream,device,,E1C3
signal_cellular_4_bar,device,,E1C8
signal_cellular_alt,device,,E202
signal_cellular_connected_no_internet_4_bar,device,,E1CD
signal_cellular_no_sim,device,,E1CE
signal_cellular_null,device,,E1CF
signal_cellular_off,device,,E1D0
signal_wifi_4_bar,device,,E1D8
signal_wifi_4_bar_lock,device,,E1D9
signal_wifi_off,device,,E1DA
storage,device,,E1DB
swipe,device,,E9EC
usb,device,,E1E0
wallpaper,device,,E1BC
widgets,device,,E1BD
wifi_lock,device,,E1E1
wifi_off,device,,E648
wifi_tethering,device,,E1E2
add_chart,editor,,E97B
add_comment,editor,,E266
add_link,editor,,E178
attach_file,editor,,E226
attach_money,editor,,E227
bar_chart,editor,,E26B
border_all,editor,,E228
border_bottom,editor,,E229
border_clear,editor,,E22A
border_color,editor,,E22B
border_horizontal,editor,,E22C
border_inner,editor,,E22D
border_left,editor,,E22E
border_outer,editor,,E22F
border_right,editor,,E230
border_style,editor,,E231
border_top,editor,,E232
border_vertical,editor,,E233
bubble_chart,editor,,E6DD
drag_handle,editor,,E25D
format_align_center,editor,,E234
format_align_justify,editor,,E235
format_align_left,editor,,E236
format_align_right,editor,,E237
format_bold,editor,,E238
format_clear,editor,,E239
format_color_fill,editor,,E23A
format_color_reset,editor,,E23B
format_color_text,editor,,E23C
format_indent_decrease,editor,,E23D
format_indent_increase,editor,,E23E
format_italic,editor,,E23F
format_line_spacing,editor,,E240
format_list_bulleted,editor,,E241
format_list_numbered,editor,,E242
format_list_numbered_rtl,editor,,E267
format_paint,editor,,E243
format_quote,editor,,E244
format_shapes,editor,,E25E
format_size,editor,,E245
format_strikethrough,editor,,E246
format_textdirection_l_to_r,editor,,E247
format_textdirection_r_to_l,editor,,E248
format_underline,editor,,E249
format_underlined,editor,,E249
functions,editor,,E24A
height,editor,,EA16
highlight,editor,,E25F
insert_chart,editor,,E24B
insert_chart_outlined,editor,,E26A
insert_comment,editor,,E24C
insert_drive_file,editor,,E24D
insert_emoticon,editor,,E24E
insert_invitation,editor,,E24F
insert_link,editor,,E250
insert_photo,editor,,E251
linear_scale,editor,,E260
margin,editor,,E9BB
merge_type,editor,,E252
mode_comment,editor,,E253
mode_edit,editor,,E254
monetization_on,editor,,E263
money_off,editor,,E25C
multiline_chart,editor,,E6DF
notes,editor,,E26C
padding,editor,,E9C8
pie_chart,editor,,E6C4
pie_chart_outlined,editor,,E6C5
pivot_table_chart,editor,,E9CE
post_add,editor,,EA20
publish,editor,,E255
rtt,editor,,E9AD
scatter_plot,editor,,E268
score,editor,,E269
short_text,editor,,E261
show_chart,editor,,E6E1
space_bar,editor,,E256
stacked_bar_chart,editor,,E9E6
strikethrough_s,editor,,E257
table_chart,editor,,E265
tag,editor,,E9EF
text_fields,editor,,E262
title,editor,,E264
vertical_align_bottom,editor,,E258
vertical_align_center,editor,,E259
vertical_align_top,editor,,E25A
waterfall_chart,editor,,EA00
wrap_text,editor,,E25B
attachment,file,,E2BC
cloud,file,,E2BD
cloud_circle,file,,E2BE
cloud_done,file,,E2BF
cloud_download,file,,E2C0
cloud_off,file,,E2C1
cloud_queue,file,,E2C2
cloud_upload,file,,E2C3
create_new_folder,file,,E2CC
drive_file_move_outline,file,,E9A1
drive_file_rename_outline,file,,E9A2
drive_folder_upload,file,,E9A3
folder,file,,E2C7
folder_open,file,,E2C8
folder_shared,file,,E2C9
upload_file,file,,E9FC
cast,hardware,,E307
cast_connected,hardware,,E308
computer,hardware,,E30A
connected_tv,hardware,,E998
desktop_mac,hardware,,E30B
desktop_windows,hardware,,E30C
developer_board,hardware,,E30D
device_hub,hardware,,E335
device_thermostat,hardware,,E1FF
device_unknown,hardware,,E339
devices_other,hardware,,E337
dock,hardware,,E30E
gamepad,hardware,,E30F
hardware,hardware,,EA59
headset,hardware,,E310
headset_mic,hardware,,E311
headset_off,hardware,,E33A
keyboard_arrow_down,hardware,,E313
keyboard_arrow_left,hardware,,E314
keyboard_arrow_right,hardware,,E315
keyboard_arrow_up,hardware,,E316
keyboard_backspace,hardware,,E317
keyboard_capslock,hardware,,E318
keyboard_control,hardware,,E5D3
keyboard_hide,hardware,,E31A
keyboard_return,hardware,,E31B
keyboard_tab,hardware,,E31C
keyboard_voice,hardware,,E31D
laptop,hardware,,E31E
laptop_chromebook,hardware,,E31F
laptop_mac,hardware,,E320
laptop_windows,hardware,,E321
lightbulb,hardware,,E0F0
lightbulb_outline,hardware,,E90F
memory,hardware,,E322
mouse,hardware,,E323
phone_android,hardware,,E324
phone_iphone,hardware,,E325
phonelink,hardware,,E326
phonelink_off,hardware,,E327
power_input,hardware,,E336
router,hardware,,E328
scanner,hardware,,E329
security,hardware,,E32A
sim_card,hardware,,E32B
sim_card_alert,hardware,,E624
smartphone,hardware,,E32C
speaker,hardware,,E32D
speaker_group,hardware,,E32E
tablet,hardware,,E32F
tablet_android,hardware,,E330
tablet_mac,hardware,,E331
toys,hardware,,E332
tv,hardware,,E333
videogame_asset,hardware,,E338
watch,hardware,,E334
add_a_photo,image,,E439
add_photo_alternate,image,,E43E
add_to_photos,image,,E39D
adjust,image,,E39E
assistant,image,,E39F
assistant_photo,image,,E3A0
audiotrack,image,,E3A1
blur_circular,image,,E3A2
blur_linear,image,,E3A3
blur_off,image,,E3A4
blur_on,image,,E3A5
brightness_1,image,,E3A6
brightness_2,image,,E3A7
brightness_3,image,,E3A8
brightness_4,image,,E3A9
brightness_5,image,,E3AA
brightness_6,image,,E3AB
brightness_7,image,,E3AC
broken_image,image,,E3AD
brush,image,,E3AE
burst_mode,image,,E43C
camera,image,,E3AF
camera_alt,image,,E3B0
camera_front,image,,E3B1
camera_rear,image,,E3B2
camera_roll,image,,E3B3
center_focus_strong,image,,E3B4
center_focus_weak,image,,E3B5
collections,image,,E3B6
collections_bookmark,image,,E431
color_lens,image,,E3B7
colorize,image,,E3B8
compare,image,,E3B9
control_point,image,,E3BA
control_point_duplicate,image,,E3BB
crop,image,,E3BE
crop_16_9,image,,E3BC
crop_3_2,image,,E3BD
crop_5_4,image,,E3BF
crop_7_5,image,,E3C0
crop_din,image,,E3C1
crop_free,image,,E3C2
crop_landscape,image,,E3C3
crop_original,image,,E3C4
crop_portrait,image,,E3C5
crop_rotate,image,,E437
crop_square,image,,E3C6
dehaze,image,,E3C7
details,image,,E3C8
edit,image,,E3C9
edit_off,image,,E950
enhance_photo_translate,image,,E8FC
exposure,image,,E3CA
exposure_minus_1,image,,E3CB
exposure_minus_2,image,,E3CC
exposure_neg_1,image,,E3CB
exposure_neg_2,image,,E3CC
exposure_plus_1,image,,E3CD
exposure_plus_2,image,,E3CE
exposure_zero,image,,E3CF
filter,image,,E3D3
filter_1,image,,E3D0
filter_2,image,,E3D1
filter_3,image,,E3D2
filter_4,image,,E3D4
filter_5,image,,E3D5
filter_6,image,,E3D6
filter_7,image,,E3D7
filter_8,image,,E3D8
filter_9,image,,E3D9
filter_9_plus,image,,E3DA
filter_b_and_w,image,,E3DB
filter_center_focus,image,,E3DC
filter_drama,image,,E3DD
filter_frames,image,,E3DE
filter_hdr,image,,E3DF
filter_none,image,,E3E0
filter_tilt_shift,image,,E3E2
filter_vintage,image,,E3E3
flare,image,,E3E4
flash_auto,image,,E3E5
flash_off,image,,E3E6
flash_on,image,,E3E7
flip,image,,E3E8
flip_camera_android,image,,EA37
flip_camera_ios,image,,EA38
gradient,image,,E3E9
grain,image,,E3EA
grid_off,image,,E3EB
grid_on,image,,E3EC
hdr_off,image,,E3ED
hdr_on,image,,E3EE
hdr_strong,image,,E3F1
hdr_weak,image,,E3F2
healing,image,,E3F3
image,image,,E3F4
image_aspect_ratio,image,,E3F5
image_search,image,,E43F
imagesearch_roller,image,,E9B4
iso,image,,E3F6
keyboard,image,,E312
landscape,image,,E3F7
leak_add,image,,E3F8
leak_remove,image,,E3F9
lens,image,,E3FA
linked_camera,image,,E438
looks,image,,E3FC
looks_3,image,,E3FB
looks_4,image,,E3FD
looks_5,image,,E3FE
looks_6,image,,E3FF
looks_one,image,,E400
looks_two,image,,E401
loupe,image,,E402
monochrome_photos,image,,E403
movie_creation,image,,E404
movie_filter,image,,E43A
music_note,image,,E405
music_off,image,,E440
nature,image,,E406
nature_people,image,,E407
navigate_before,image,,E408
navigate_next,image,,E409
palette,image,,E40A
panorama,image,,E40B
panorama_fish_eye,image,,E40C
panorama_fisheye,image,,E40C
panorama_horizontal,image,,E40D
panorama_photosphere,image,,E9C9
panorama_photosphere_select,image,,E9CA
panorama_vertical,image,,E40E
panorama_wide_angle,image,,E40F
photo,image,,E410
photo_album,image,,E411
photo_camera,image,,E412
photo_filter,image,,E43B
photo_library,image,,E413
photo_size_select_actual,image,,E432
photo_size_select_large,image,,E433
photo_size_select_small,image,,E434
picture_as_pdf,image,,E415
portrait,image,,E416
remove_red_eye,image,,E417
rotate_90_degrees_ccw,image,,E418
rotate_left,image,,E419
rotate_right,image,,E41A
shutter_speed,image,,E43D
slideshow,image,,E41B
straighten,image,,E41C
style,image,,E41D
switch_camera,image,,E41E
switch_video,image,,E41F
tag_faces,image,,E420
texture,image,,E421
timelapse,image,,E422
timer,image,,E425
timer_10,image,,E423
timer_3,image,,E424
timer_off,image,,E426
tonality,image,,E427
transform,image,,E428
tune,image,,E429
view_comfy,image,,E42A
view_compact,image,,E42B
vignette,image,,E435
wb_auto,image,,E42C
wb_cloudy,image,,E42D
wb_incandescent,image,,E42E
wb_iridescent,image,,E436
wb_shade,image,,EA01
wb_sunny,image,,E430
wb_twighlight,image,,EA02
360,maps,,E577
add_location,maps,,E567
assistant_direction,maps,,E988
assistant_navigation,maps,,E989
atm,maps,,E573
beenhere,maps,,E52D
category,maps,,E574
departure_board,maps,,E576
directions,maps,,E52E
directions_bike,maps,,E52F
directions_boat,maps,,E532
directions_bus,maps,,E530
directions_car,maps,,E531
directions_ferry,maps,,E532
directions_railway,maps,,E534
directions_run,maps,,E566
directions_subway,maps,,E533
directions_train,maps,,E534
directions_transit,maps,,E535
directions_walk,maps,,E536
edit_attributes,maps,,E578
ev_station,maps,,E56D
fastfood,maps,,E57A
festival,maps,,EA68
flight,maps,,E539
hail,maps,,E9B1
hotel,maps,,E53A
layers,maps,,E53B
layers_clear,maps,,E53C
liquor,maps,,EA60
local_activity,maps,,E53F
local_airport,maps,,E53D
local_atm,maps,,E53E
local_attraction,maps,,E53F
local_bar,maps,,E540
local_cafe,maps,,E541
local_car_wash,maps,,E542
local_convenience_store,maps,,E543
local_dining,maps,,E556
local_drink,maps,,E544
local_florist,maps,,E545
local_gas_station,maps,,E546
local_grocery_store,maps,,E547
local_hospital,maps,,E548
local_hotel,maps,,E549
local_laundry_service,maps,,E54A
local_library,maps,,E54B
local_mall,maps,,E54C
local_movies,maps,,E54D
local_offer,maps,,E54E
local_parking,maps,,E54F
local_pharmacy,maps,,E550
local_phone,maps,,E551
local_pizza,maps,,E552
local_play,maps,,E553
local_post_office,maps,,E554
local_print_shop,maps,,E555
local_printshop,maps,,E555
local_restaurant,maps,,E556
local_see,maps,,E557
local_shipping,maps,,E558
local_taxi,maps,,E559
location_history,maps,,E55A
map,maps,,E55B
menu_book,maps,,EA19
money,maps,,E57D
museum,maps,,EA36
my_location,maps,,E55C
navigation,maps,,E55D
near_me,maps,,E569
nightlife,maps,,EA62
not_listed_location,maps,,E575
park,maps,,EA63
person_pin,maps,,E55A
person_pin_circle,maps,,E56A
pin_drop,maps,,E55E
railway_alert,maps,,E9D1
rate_review,maps,,E560
restaurant,maps,,E56C
restaurant_menu,maps,,E561
satellite,maps,,E562
store_mall_directory,maps,,E563
streetview,maps,,E56E
subway,maps,,E56F
terrain,maps,,E564
traffic,maps,,E565
train,maps,,E570
tram,maps,,E571
transfer_within_a_station,maps,,E572
transit_enterexit,maps,,E579
trip_origin,maps,,E57B
two_wheeler,maps,,E9F9
zoom_out_map,maps,,E56B
apps,navigation,,E5C3
arrow_back,navigation,,E5C4
arrow_back_ios,navigation,,E5E0
arrow_downward,navigation,,E5DB
arrow_drop_down,navigation,,E5C5
arrow_drop_down_circle,navigation,,E5C6
arrow_drop_up,navigation,,E5C7
arrow_forward,navigation,,E5C8
arrow_forward_ios,navigation,,E5E1
arrow_left,navigation,,E5DE
arrow_right,navigation,,E5DF
arrow_upward,navigation,,E5D8
cancel,navigation,,E5C9
check,navigation,,E5CA
chevron_left,navigation,,E5CB
chevron_right,navigation,,E5CC
close,navigation,,E5CD
double_arrow,navigation,,EA50
expand,navigation,,E94F
expand_less,navigation,,E5CE
expand_more,navigation,,E5CF
first_page,navigation,,E5DC
fit_screen,navigation,,EA10
fullscreen,navigation,,E5D0
fullscreen_exit,navigation,,E5D1
home_work,navigation,,EA09
last_page,navigation,,E5DD
menu,navigation,,E5D2
menu_open,navigation,,E9BD
more_horiz,navigation,,E5D3
more_vert,navigation,,E5D4
refresh,navigation,,E5D5
subdirectory_arrow_left,navigation,,E5D9
subdirectory_arrow_right,navigation,,E5DA
unfold_less,navigation,,E5D6
unfold_more,navigation,,E5D7
adb,notification,,E60E
airline_seat_flat,notification,,E630
airline_seat_flat_angled,notification,,E631
airline_seat_individual_suite,notification,,E632
airline_seat_legroom_extra,notification,,E633
airline_seat_legroom_normal,notification,,E634
airline_seat_legroom_reduced,notification,,E635
airline_seat_recline_extra,notification,,E636
airline_seat_recline_normal,notification,,E637
bluetooth_audio,notification,,E60F
confirmation_num,notification,,E638
confirmation_number,notification,,E638
disc_full,notification,,E610
drive_eta,notification,,E613
enhanced_encryption,notification,,E63F
event_available,notification,,E614
event_busy,notification,,E615
event_note,notification,,E616
folder_special,notification,,E617
live_tv,notification,,E639
messenger,notification,,E0CA
messenger_outline,notification,,E0CB
mms,notification,,E618
more,notification,,E619
network_cell,notification,,E1B9
network_check,notification,,E640
network_locked,notification,,E61A
network_wifi,notification,,E1BA
no_encryption,notification,,E641
ondemand_video,notification,,E63A
personal_video,notification,,E63B
phone_bluetooth_speaker,notification,,E61B
phone_callback,notification,,E649
phone_disabled,notification,,E9CC
phone_enabled,notification,,E9CD
phone_forwarded,notification,,E61C
phone_in_talk,notification,,E61D
phone_locked,notification,,E61E
phone_missed,notification,,E61F
phone_paused,notification,,E620
power,notification,,E63C
power_off,notification,,E646
priority_high,notification,,E645
sd_card,notification,,E623
sms,notification,,E625
sms_failed,notification,,E626
sync,notification,,E627
sync_disabled,notification,,E628
sync_problem,notification,,E629
system_update,notification,,E62A
system_update_alt,notification,,E8D7
tap_and_play,notification,,E62B
time_to_leave,notification,,E62C
tv_off,notification,,E647
vibration,notification,,E62D
voice_chat,notification,,E62E
vpn_lock,notification,,E62F
wc,notification,,E63D
wifi,notification,,E63E
ac_unit,places,,EB3B
airport_shuttle,places,,EB3C
all_inclusive,places,,EB3D
apartment,places,,EA40
attractions,places,,EA52
bakery_dining,places,,EA53
bathtub,places,,EA41
beach_access,places,,EB3E
breakfast_dining,places,,EA54
brunch_dining,places,,EA73
business,places,,E0AF
car_rental,places,,EA55
car_repair,places,,EA56
casino,places,,EB40
child_care,places,,EB41
child_friendly,places,,EB42
delivery_dining,places,,EA72
dinner_dining,places,,EA57
dry_cleaning,places,,EA58
fitness_center,places,,EB43
free_breakfast,places,,EB44
golf_course,places,,EB45
hot_tub,places,,EB46
house,places,,EA44
icecream,places,,EA69
kitchen,places,,EB47
lunch_dining,places,,EA61
meeting_room,places,,EB4F
no_meeting_room,places,,EB4E
outdoor_grill,places,,EA47
place,places,,E55F
pool,places,,EB48
ramen_dining,places,,EA64
room_service,places,,EB49
rv_hookup,places,,E642
smoke_free,places,,EB4A
smoking_rooms,places,,EB4B
spa,places,,EB4C
storefront,places,,EA12
takeout_dining,places,,EA74
theater_comedy,places,,EA66
cached,social,,E86A
cake,social,,E7E9
celebration,social,,EA65
circle_notifications,social,,E994
deck,social,,EA42
emoji_emotions,social,,EA22
emoji_events,social,,EA23
emoji_flags,social,,EA1A
emoji_food_beverage,social,,EA1B
emoji_nature,social,,EA1C
emoji_objects,social,,EA24
emoji_people,social,,EA1D
emoji_symbols,social,,EA1E
emoji_transportation,social,,EA1F
fireplace,social,,EA43
group,social,,E7EF
group_add,social,,E7F0
king_bed,social,,EA45
location_city,social,,E7F1
mood,social,,E7F2
mood_bad,social,,E7F3
nights_stay,social,,EA46
notifications,social,,E7F4
notifications_active,social,,E7F7
notifications_none,social,,E7F5
notifications_off,social,,E7F6
notifications_on,social,,E7F7
notifications_paused,social,,E7F8
pages,social,,E7F9
party_mode,social,,E7FA
people,social,,E7FB
people_alt,social,,EA21
people_outline,social,,E7FC
person,social,,E7FD
person_add,social,,E7FE
person_add_disabled,social,,E9CB
person_outline,social,,E7FF
plus_one,social,,E800
poll,social,,E801
public,social,,E80B
school,social,,E80C
sentiment_dissatisfied,social,,E811
sentiment_neutral,social,,E812
sentiment_very_dissatisfied,social,,E814
sentiment_very_satisfied,social,,E815
share,social,,E80D
single_bed,social,,EA48
sports,social,,EA30
sports_baseball,social,,EA51
sports_basketball,social,,EA26
sports_cricket,social,,EA27
sports_esports,social,,EA28
sports_football,social,,EA29
sports_golf,social,,EA2A
sports_handball,social,,EA33
sports_hockey,social,,EA2B
sports_kabaddi,social,,EA34
sports_mma,social,,EA2C
sports_motorsports,social,,EA2D
sports_rugby,social,,EA2E
sports_soccer,social,,EA2F
sports_tennis,social,,EA32
sports_volleyball,social,,EA31
supervised_user_circle,social,,E939
thumb_down_alt,social,,E816
thumb_down_off_alt,social,,E9F2
thumb_up_alt,social,,E817
thumb_up_off_alt,social,,E9F3
volunteer_activism,social,,EA70
wallet_giftcard,social,,E8F6
wallet_membership,social,,E8F7
wallet_travel,social,,E8F8
whatshot,social,,E80E
check_box,toggle,,E834
check_box_outline_blank,toggle,,E835
indeterminate_check_box,toggle,,E909
radio_button_checked,toggle,,E837
radio_button_off,toggle,,E836
radio_button_on,toggle,,E837
radio_button_unchecked,toggle,,E836
star,toggle,,E838
star_border,toggle,,E83A
star_half,toggle,,E839
star_outline,toggle,,E83A
toggle_off,toggle,,E9F5
toggle_on,toggle,,E9F6
